model, unseen mean, unseen std, known mean, known std
clip_vit, 0.11518265459175729, 0.08454123463199234, 0.0075488933778944485, 0.006981115474080205
clip_resnet, 0.14237402834923535, 0.09085724571932163, 0.006316103333518623, 0.00570435741623242
resnet, 0.16733711467200402, 0.10645846784298296, 0.007548655822163534, 0.0047554786172936386
vit, 0.17468159100477185, 0.10981570882778749, 0.011135812918345133, 0.0102392716149974
vgg, 0.23519131679692673, 0.12029834947346399, 0.02071038194781258, 0.016455981256187545
