model, unseen mean, unseen std, known mean, known std
clip_vit_multi-modal-text-only, 0.09764688829279843, 0.0872419198864819, 0.011576867461204529, 0.013229767913400668
clip_vit_multi-modal-add, 0.08170504246491547, 0.08579713968911286, 0.007500617714155279, 0.008464613248347526
clip_vit_multi-modal-concat, 0.07939005054854363, 0.0842616041693037, 0.009479873086724964, 0.011621383906742085
clip_vit_multi-modal-None, 0.11518265459175729, 0.08454123463199234, 0.0075488933778944485, 0.006981115474080205
clip_resnet_multi-modal-None, 0.14237402834923535, 0.09085724571932163, 0.006316103333518623, 0.00570435741623242
resnet, 0.16733711467200402, 0.10645846784298296, 0.007548655822163534, 0.0047554786172936386
vit, 0.17468159100477185, 0.10981570882778749, 0.011135812918345133, 0.0102392716149974
vgg, 0.23519131796612416, 0.12029835016625226, 0.02071038194781258, 0.016455981256187545
